Workbook
Name Slicer_Country: #N/A
Name Slicer_Country1: #N/A

Sheet Dashbord
B55: =SUM(RFM_Scores!D3:D5882) -> 17743429
B56: =COUNTA(RFM_Scores!A3:A5882) -> 5878
B57: =COUNTIF(RFM_Scores!I3:I5882,"Churned")/COUNTA(RFM_Scores!I3:I5882) -> 0.50850629
B58: =SUM(RFM_Scores!D3:D5882)/SUM(RFM_Scores!C3:C5882) -> 479.95426

Sheet Cohort_Analysis
B3: Retention_Pct | C3: Column Labels
B4: Row Labels | C4: 0 | D4: 1 | E4: 2 | F4: 3 | G4: 4 | H4: 5 | I4: 6 | J4: 7 | K4: 8 | L4: 9 | M4: 10 | N4: 11 | O4: 12 | P4: 13 | Q4: 14 | R4: 15 | S4: 16 | T4: 17 | U4: 18 | V4: 19 | W4: 20 | X4: 21 | Y4: 22 | Z4: 23 | AA4: 24 | AB4: Grand Total
B5: Jan
B6: 40179 | C6: 1 | D6: 0.20626632 | E6: 0.31070496 | F6: 0.30548303 | G6: 0.26370757 | H6: 0.3002611 | I6: 0.25848564 | J6: 0.22976501 | K6: 0.27937337 | L6: 0.31853786 | M6: 0.30287206 | N6: 0.17232376 | O6: 0.22193211 | P6: 0.17754569 | Q6: 0.18798956 | R6: 0.15143603 | S6: 0.23498695 | T6: 0.19843342 | U6: 0.18537859 | V6: 0.19582245 | W6: 0.24281984 | X6: 0.19321149 | Y6: 0.24543081 | Z6: 0.057441253 | AB6: 1
B7: 40544 | C7: 1 | D7: 0.16901408 | E7: 0.21126761 | F7: 0.1971831 | G7: 0.21126761 | H7: 0.15492958 | I7: 0.15492958 | J7: 0.12676056 | K7: 0.11267606 | L7: 0.21126761 | M7: 0.25352113 | N7: 0.11267606 | AB7: 1
B8: Feb
B9: 40210 | C9: 1 | D9: 0.23796791 | E9: 0.22459893 | F9: 0.29144385 | G9: 0.2459893 | H9: 0.20053476 | I9: 0.19251337 | J9: 0.28609626 | K9: 0.2540107 | L9: 0.27540107 | M9: 0.11497326 | N9: 0.12566845 | O9: 0.15240642 | P9: 0.17379679 | Q9: 0.12299465 | R9: 0.20053476 | S9: 0.16042781 | T9: 0.1631016 | U9: 0.14438503 | V9: 0.22994652 | W9: 0.22994652 | X9: 0.1631016 | Y9: 0.058823529 | AB9: 1
B10: 40575 | C10: 1 | D10: 0.16129032 | E10: 0.15322581 | F10: 0.18548387 | G10: 0.21774194 | H10: 0.15322581 | I10: 0.15322581 | J10: 0.14516129 | K10: 0.14516129 | L10: 0.17741935 | M10: 0.056451613 | AB10: 1
B11: Mar
B12: 40238 | C12: 1 | D12: 0.18961625 | E12: 0.23024831 | F12: 0.24153499 | G12: 0.23250564 | H12: 0.20316027 | I12: 0.24604966 | J12: 0.30248307 | K12: 0.27539503 | L12: 0.10835214 | M12: 0.11512415 | N12: 0.14221219 | O12: 0.20090293 | P12: 0.16252822 | Q12: 0.20090293 | R12: 0.16930023 | S12: 0.1738149 | T12: 0.15575621 | U12: 0.17607223 | V12: 0.20090293 | W12: 0.21218962 | X12: 0.079006772 | AB12: 1
B13: 40603 | C13: 1 | D13: 0.18435754 | E13: 0.21787709 | F13: 0.20111732 | G13: 0.22346369 | H13: 0.15083799 | I13: 0.20670391 | J13: 0.20111732 | K13: 0.24022346 | L13: 0.094972067 | AB13: 1
B14: Apr
B15: 40269 | C15: 1 | D15: 0.19387755 | E15: 0.19387755 | F15: 0.16326531 | G15: 0.18367347 | H15: 0.2244898 | I15: 0.2755102 | J15: 0.26190476 | K15: 0.10544218 | L15: 0.10884354 | M15: 0.074829932 | N15: 0.13945578 | O15: 0.13945578 | P15: 0.15646259 | Q15: 0.15646259 | R15: 0.15646259 | S15: 0.13945578 | T15: 0.14965986 | U15: 0.18027211 | V15: 0.2244898 | W15: 0.057823129 | AB15: 1
B16: 40634 | C16: 1 | D16: 0.25471698 | E16: 0.19811321 | F16: 0.19811321 | G16: 0.17924528 | H16: 0.23584906 | I16: 0.17924528 | J16: 0.25471698 | K16: 0.11320755 | AB16: 1
B17: May
B18: 40299 | C18: 1 | D18: 0.15748031 | E18: 0.16929134 | F18: 0.17322835 | G18: 0.17716535 | H18: 0.25590551 | I18: 0.21259843 | J18: 0.12598425 | K18: 0.059055118 | L18: 0.082677165 | M18: 0.11417323 | N18: 0.13385827 | O18: 0.15354331 | P18: 0.15354331 | Q18: 0.098425197 | R18: 0.12598425 | S18: 0.13779528 | T18: 0.16535433 | U18: 0.15354331 | V18: 0.047244094 | AB18: 1
B19: 40664 | C19: 1 | D19: 0.23423423 | E19: 0.24324324 | F19: 0.16216216 | G19: 0.21621622 | H19: 0.20720721 | I19: 0.26126126 | J19: 0.11711712 | AB19: 1
B20: Jun
B21: 40330 | C21: 1 | D21: 0.17407407 | E21: 0.18888889 | F21: 0.2037037 | G21: 0.22962963 | H21: 0.28518519 | I21: 0.12592593 | J21: 0.088888889 | K21: 0.081481481 | L21: 0.11851852 | M21: 0.10740741 | N21: 0.13703704 | O21: 0.14814815 | P21: 0.12222222 | Q21: 0.11111111 | R21: 0.12222222 | S21: 0.13333333 | T21: 0.2037037 | U21: 0.051851852 | AB21: 1
B22: 40695 | C22: 1 | D22: 0.23148148 | E22: 0.21296296 | F22: 0.26851852 | G22: 0.2037037 | H22: 0.28703704 | I22: 0.083333333 | AB22: 1
B23: Jul
B24: 40360 | C24: 1 | D24: 0.15591398 | E24: 0.1827957 | F24: 0.29569892 | G24: 0.29032258 | H24: 0.13978495 | I24: 0.11290323 | J24: 0.14516129 | K24: 0.14516129 | L24: 0.11290323 | M24: 0.1344086 | N24: 0.14516129 | O24: 0.1344086 | P24: 0.1344086 | Q24: 0.19354839 | R24: 0.17204301 | S24: 0.23655914 | T24: 0.080645161 | AB24: 1
B25: 40725 | C25: 1 | D25: 0.21568627 | E25: 0.30392157 | F25: 0.2745098 | G25: 0.34313725 | H25: 0.15686275 | AB25: 1
B26: Aug
B27: 40391 | C27: 1 | D27: 0.2037037 | E27: 0.2962963 | F27: 0.32098765 | G27: 0.17283951 | H27: 0.11728395 | I27: 0.098765432 | J27: 0.12345679 | K27: 0.13580247 | L27: 0.12962963 | M27: 0.12962963 | N27: 0.12345679 | O27: 0.15432099 | P27: 0.18518519 | Q27: 0.17901235 | R27: 0.19753086 | S27: 0.067901235 | AB27: 1
B28: 40756 | C28: 1 | D28: 0.27358491 | E28: 0.31132075 | F28: 0.26415094 | G28: 0.16981132 | AB28: 1
B29: Sep
B30: 40422 | C30: 1 | D30: 0.22633745 | E30: 0.2345679 | F30: 0.12345679 | G30: 0.090534979 | H30: 0.10288066 | I30: 0.13580247 | J30: 0.098765432 | K30: 0.12757202 | L30: 0.13168724 | M30: 0.11522634 | N30: 0.098765432 | O30: 0.218107 | P30: 0.16460905 | Q30: 0.16049383 | R30: 0.053497942 | AB30: 1
B31: 40787 | C31: 1 | D31: 0.26984127 | E31: 0.37566138 | F31: 0.14814815 | AB31: 1
B32: Oct
B33: 40452 | C33: 1 | D33: 0.25729443 | E33: 0.14588859 | F33: 0.12466844 | G33: 0.087533156 | H33: 0.082228117 | I33: 0.12997347 | J33: 0.13793103 | K33: 0.1061008 | L33: 0.092838196 | M33: 0.1061008 | N33: 0.12997347 | O33: 0.19098143 | P33: 0.23076923 | Q33: 0.068965517 | AB33: 1
B34: 40817 | C34: 1 | D34: 0.32126697 | E34: 0.15837104 | AB34: 1
B35: Nov
B36: 40483 | C36: 1 | D36: 0.17538462 | E36: 0.092307692 | F36: 0.095384615 | G36: 0.076923077 | H36: 0.086153846 | I36: 0.12923077 | J36: 0.098461538 | K36: 0.086153846 | L36: 0.089230769 | M36: 0.11076923 | N36: 0.14461538 | O36: 0.25538462 | P36: 0.061538462 | AB36: 1
B37: 40848 | C37: 1 | D37: 0.14136126 | AB37: 1
B38: Dec
B39: 40148 | C39: 1 | D39: 0.35287958 | E39: 0.33403141 | F39: 0.42513089 | G39: 0.38010471 | H39: 0.3591623 | I39: 0.37696335 | J39: 0.34240838 | K39: 0.33612565 | L39: 0.36230366 | M39: 0.42198953 | N39: 0.49528796 | O39: 0.37591623 | P39: 0.28272251 | Q39: 0.24397906 | R39: 0.3026178 | S39: 0.26282723 | T39: 0.3026178 | U39: 0.28272251 | V39: 0.25968586 | W39: 0.25549738 | X39: 0.31518325 | Y39: 0.30471204 | Z39: 0.40732984 | AA39: 0.19685864 | AB39: 1
B40: 40513 | C40: 1 | D40: 0.092105263 | E40: 0.052631579 | F40: 0.092105263 | G40: 0.11842105 | H40: 0.065789474 | I40: 0.052631579 | J40: 0.092105263 | K40: 0.052631579 | L40: 0.026315789 | M40: 0.092105263 | N40: 0.19736842 | O40: 0.026315789 | AB40: 1
B41: 40878 | C41: 1 | AB41: 1
B42: Grand Total | C42: 1 | D42: 0.23035046 | E42: 0.2240558 | F42: 0.22677782 | G42: 0.20261994 | H42: 0.19003062 | I42: 0.18679823 | J42: 0.17931269 | K42: 0.16093909 | L42: 0.15277305 | M42: 0.14886016 | N42: 0.16178972 | O42: 0.16502212 | P42: 0.13525009 | Q42: 0.11415447 | R42: 0.11653624 | S42: 0.1097312 | T42: 0.11075196 | U42: 0.098502892 | V42: 0.097992514 | W42: 0.090847227 | X42: 0.080129296 | Y42: 0.069241239 | Z42: 0.069921742 | AA42: 0.031983668 | AB42: 1

Sheet RFM_Scores
A2: Customer ID | B2: Recency_Days | C2: Frequency | D2: Monetary | E2: R_Score | F2: F_Score | G2: M_Score | H2: RFM_Segment | I2: Churn_Flag | J2: Country | L2: Rank | M2: Customer ID | N2: Monetary | O2: RFM_Segment
A3: 12346 | B3: 325 | C3: 12 | D3: 77556.46 | E3: {=_xlfn.IFS(B3<=PERCENTILE($B$3:$B$5882,0.2),5,B3<=PERCENTILE($B$3:$B$5882,0.4),4,B3<=PERCENTILE($B$3:$B$5882,0.6),3,B3<=PERCENTILE($B$3:$B$5882,0.8),2,TRUE,1)} -> 2 | F3: {=_xlfn.IFS(C3<=PERCENTILE($C$3:$C$5882,0.2),1,C3<=PERCENTILE($C$3:$C$5882,0.4),2,C3<=PERCENTILE($C$3:$C$5882,0.6),3,C3<=PERCENTILE($C$3:$C$5882,0.8),4,TRUE,5)} -> 5 | G3: {=_xlfn.IFS(D3<=PERCENTILE($D$3:$D$5882,0.2),1,D3<=PERCENTILE($D$3:$D$5882,0.4),2,D3<=PERCENTILE($D$3:$D$5882,0.6),3,D3<=PERCENTILE($D$3:$D$5882,0.8),4,TRUE,5)} -> 5 | H3: {=_xlfn.IFS(AND(E3>=4,F3>=4,G3>=4),"Champions",AND(E3>=3,F3>=3,G3>=3),"Loyal Customers",AND(E3<=2,F3>=3),"At Risk",AND(E3<=2,F3<=2,G3<=2),"Lost",AND(E3>=4,F3<=2),"New/Promising",TRUE,"Needs Attention")} -> At Risk | I3: =IF(B3>90,"Churned","Active") -> Churned | J3: =_xlfn.XLOOKUP(A3,'Country_Lookup'!$D:$D,'Country_Lookup'!$E:$E) -> United Kingdom | L3: =ROW()-2 -> 1 | M3: =INDEX($A$3:$A$5882,MATCH(LARGE($D$3:$D$5882,ROW()-2),$D$3:$D$5882,0)) -> 18102 | N3: =LARGE($D$3:$D$5882,ROW()-2) -> 608821.65 | O3: =_xlfn.XLOOKUP(M3,$A$3:$A$5882,$H$3:$H$5882) -> Champions
A4: 12347 | B4: 2 | C4: 8 | D4: 5633.32 | E4: {=_xlfn.IFS(B4<=PERCENTILE($B$3:$B$5882,0.2),5,B4<=PERCENTILE($B$3:$B$5882,0.4),4,B4<=PERCENTILE($B$3:$B$5882,0.6),3,B4<=PERCENTILE($B$3:$B$5882,0.8),2,TRUE,1)} -> 5 | F4: {=_xlfn.IFS(C4<=PERCENTILE($C$3:$C$5882,0.2),1,C4<=PERCENTILE($C$3:$C$5882,0.4),2,C4<=PERCENTILE($C$3:$C$5882,0.6),3,C4<=PERCENTILE($C$3:$C$5882,0.8),4,TRUE,5)} -> 4 | G4: {=_xlfn.IFS(D4<=PERCENTILE($D$3:$D$5882,0.2),1,D4<=PERCENTILE($D$3:$D$5882,0.4),2,D4<=PERCENTILE($D$3:$D$5882,0.6),3,D4<=PERCENTILE($D$3:$D$5882,0.8),4,TRUE,5)} -> 5 | H4: {=_xlfn.IFS(AND(E4>=4,F4>=4,G4>=4),"Champions",AND(E4>=3,F4>=3,G4>=3),"Loyal Customers",AND(E4<=2,F4>=3),"At Risk",AND(E4<=2,F4<=2,G4<=2),"Lost",AND(E4>=4,F4<=2),"New/Promising",TRUE,"Needs Attention")} -> Champions | I4: =IF(B4>90,"Churned","Active") -> Active | J4: =_xlfn.XLOOKUP(A4,'Country_Lookup'!$D:$D,'Country_Lookup'!$E:$E) -> Iceland | L4: =ROW()-2 -> 2 | M4: =INDEX($A$3:$A$5882,MATCH(LARGE($D$3:$D$5882,ROW()-2),$D$3:$D$5882,0)) -> 14646 | N4: =LARGE($D$3:$D$5882,ROW()-2) -> 528602.52 | O4: =_xlfn.XLOOKUP(M4,$A$3:$A$5882,$H$3:$H$5882) -> Champions
A5: 12348 | B5: 75 | C5: 5 | D5: 2019.4 | E5: {=_xlfn.IFS(B5<=PERCENTILE($B$3:$B$5882,0.2),5,B5<=PERCENTILE($B$3:$B$5882,0.4),4,B5<=PERCENTILE($B$3:$B$5882,0.6),3,B5<=PERCENTILE($B$3:$B$5882,0.8),2,TRUE,1)} -> 3 | F5: {=_xlfn.IFS(C5<=PERCENTILE($C$3:$C$5882,0.2),1,C5<=PERCENTILE($C$3:$C$5882,0.4),2,C5<=PERCENTILE($C$3:$C$5882,0.6),3,C5<=PERCENTILE($C$3:$C$5882,0.8),4,TRUE,5)} -> 4 | G5: {=_xlfn.IFS(D5<=PERCENTILE($D$3:$D$5882,0.2),1,D5<=PERCENTILE($D$3:$D$5882,0.4),2,D5<=PERCENTILE($D$3:$D$5882,0.6),3,D5<=PERCENTILE($D$3:$D$5882,0.8),4,TRUE,5)} -> 4 | H5: {=_xlfn.IFS(AND(E5>=4,F5>=4,G5>=4),"Champions",AND(E5>=3,F5>=3,G5>=3),"Loyal Customers",AND(E5<=2,F5>=3),"At Risk",AND(E5<=2,F5<=2,G5<=2),"Lost",AND(E5>=4,F5<=2),"New/Promising",TRUE,"Needs Attention")} -> Loyal Customers | I5: =IF(B5>90,"Churned","Active") -> Active | J5: =_xlfn.XLOOKUP(A5,'Country_Lookup'!$D:$D,'Country_Lookup'!$E:$E) -> Finland | L5: =ROW()-2 -> 3 | M5: =INDEX($A$3:$A$5882,MATCH(LARGE($D$3:$D$5882,ROW()-2),$D$3:$D$5882,0)) -> 14156 | N5: =LARGE($D$3:$D$5882,ROW()-2) -> 313946.37 | O5: =_xlfn.XLOOKUP(M5,$A$3:$A$5882,$H$3:$H$5882) -> Champions
A6: 12349 | B6: 18 | C6: 4 | D6: 4428.69 | E6: {=_xlfn.IFS(B6<=PERCENTILE($B$3:$B$5882,0.2),5,B6<=PERCENTILE($B$3:$B$5882,0.4),4,B6<=PERCENTILE($B$3:$B$5882,0.6),3,B6<=PERCENTILE($B$3:$B$5882,0.8),2,TRUE,1)} -> 5 | F6: {=_xlfn.IFS(C6<=PERCENTILE($C$3:$C$5882,0.2),1,C6<=PERCENTILE($C$3:$C$5882,0.4),2,C6<=PERCENTILE($C$3:$C$5882,0.6),3,C6<=PERCENTILE($C$3:$C$5882,0.8),4,TRUE,5)} -> 3 | G6: {=_xlfn.IFS(D6<=PERCENTILE($D$3:$D$5882,0.2),1,D6<=PERCENTILE($D$3:$D$5882,0.4),2,D6<=PERCENTILE($D$3:$D$5882,0.6),3,D6<=PERCENTILE($D$3:$D$5882,0.8),4,TRUE,5)} -> 5 | H6: {=_xlfn.IFS(AND(E6>=4,F6>=4,G6>=4),"Champions",AND(E6>=3,F6>=3,G6>=3),"Loyal Customers",AND(E6<=2,F6>=3),"At Risk",AND(E6<=2,F6<=2,G6<=2),"Lost",AND(E6>=4,F6<=2),"New/Promising",TRUE,"Needs Attention")} -> Loyal Customers | I6: =IF(B6>90,"Churned","Active") -> Active | J6: =_xlfn.XLOOKUP(A6,'Country_Lookup'!$D:$D,'Country_Lookup'!$E:$E) -> Italy | L6: =ROW()-2 -> 4 | M6: =INDEX($A$3:$A$5882,MATCH(LARGE($D$3:$D$5882,ROW()-2),$D$3:$D$5882,0)) -> 14911 | N6: =LARGE($D$3:$D$5882,ROW()-2) -> 295972.63 | O6: =_xlfn.XLOOKUP(M6,$A$3:$A$5882,$H$3:$H$5882) -> Champions
A7: 12350 | B7: 310 | C7: 1 | D7: 334.4 | E7: {=_xlfn.IFS(B7<=PERCENTILE($B$3:$B$5882,0.2),5,B7<=PERCENTILE($B$3:$B$5882,0.4),4,B7<=PERCENTILE($B$3:$B$5882,0.6),3,B7<=PERCENTILE($B$3:$B$5882,0.8),2,TRUE,1)} -> 2 | F7: {=_xlfn.IFS(C7<=PERCENTILE($C$3:$C$5882,0.2),1,C7<=PERCENTILE($C$3:$C$5882,0.4),2,C7<=PERCENTILE($C$3:$C$5882,0.6),3,C7<=PERCENTILE($C$3:$C$5882,0.8),4,TRUE,5)} -> 1 | G7: {=_xlfn.IFS(D7<=PERCENTILE($D$3:$D$5882,0.2),1,D7<=PERCENTILE($D$3:$D$5882,0.4),2,D7<=PERCENTILE($D$3:$D$5882,0.6),3,D7<=PERCENTILE($D$3:$D$5882,0.8),4,TRUE,5)} -> 2 | H7: {=_xlfn.IFS(AND(E7>=4,F7>=4,G7>=4),"Champions",AND(E7>=3,F7>=3,G7>=3),"Loyal Customers",AND(E7<=2,F7>=3),"At Risk",AND(E7<=2,F7<=2,G7<=2),"Lost",AND(E7>=4,F7<=2),"New/Promising",TRUE,"Needs Attention")} -> Lost | I7: =IF(B7>90,"Churned","Active") -> Churned | J7: =_xlfn.XLOOKUP(A7,'Country_Lookup'!$D:$D,'Country_Lookup'!$E:$E) -> Norway | L7: =ROW()-2 -> 5 | M7: =INDEX($A$3:$A$5882,MATCH(LARGE($D$3:$D$5882,ROW()-2),$D$3:$D$5882,0)) -> 17450 | N7: =LARGE($D$3:$D$5882,ROW()-2) -> 246973.09 | O7: =_xlfn.XLOOKUP(M7,$A$3:$A$5882,$H$3:$H$5882) -> Champions
A8: 12351 | B8: 375 | C8: 1 | D8: 300.93 | E8: {=_xlfn.IFS(B8<=PERCENTILE($B$3:$B$5882,0.2),5,B8<=PERCENTILE($B$3:$B$5882,0.4),4,B8<=PERCENTILE($B$3:$B$5882,0.6),3,B8<=PERCENTILE($B$3:$B$5882,0.8),2,TRUE,1)} -> 2 | F8: {=_xlfn.IFS(C8<=PERCENTILE($C$3:$C$5882,0.2),1,C8<=PERCENTILE($C$3:$C$5882,0.4),2,C8<=PERCENTILE($C$3:$C$5882,0.6),3,C8<=PERCENTILE($C$3:$C$5882,0.8),4,TRUE,5)} -> 1 | G8: {=_xlfn.IFS(D8<=PERCENTILE($D$3:$D$5882,0.2),1,D8<=PERCENTILE($D$3:$D$5882,0.4),2,D8<=PERCENTILE($D$3:$D$5882,0.6),3,D8<=PERCENTILE($D$3:$D$5882,0.8),4,TRUE,5)} -> 2 | H8: {=_xlfn.IFS(AND(E8>=4,F8>=4,G8>=4),"Champions",AND(E8>=3,F8>=3,G8>=3),"Loyal Customers",AND(E8<=2,F8>=3),"At Risk",AND(E8<=2,F8<=2,G8<=2),"Lost",AND(E8>=4,F8<=2),"New/Promising",TRUE,"Needs Attention")} -> Lost | I8: =IF(B8>90,"Churned","Active") -> Churned | J8: =_xlfn.XLOOKUP(A8,'Country_Lookup'!$D:$D,'Country_Lookup'!$E:$E) -> Unspecified | L8: =ROW()-2 -> 6 | M8: =INDEX($A$3:$A$5882,MATCH(LARGE($D$3:$D$5882,ROW()-2),$D$3:$D$5882,0)) -> 13694 | N8: =LARGE($D$3:$D$5882,ROW()-2) -> 196482.81 | O8: =_xlfn.XLOOKUP(M8,$A$3:$A$5882,$H$3:$H$5882) -> Champions
A9: 12352 | B9: 36 | C9: 10 | D9: 2849.84 | E9: {=_xlfn.IFS(B9<=PERCENTILE($B$3:$B$5882,0.2),5,B9<=PERCENTILE($B$3:$B$5882,0.4),4,B9<=PERCENTILE($B$3:$B$5882,0.6),3,B9<=PERCENTILE($B$3:$B$5882,0.8),2,TRUE,1)} -> 4 | F9: {=_xlfn.IFS(C9<=PERCENTILE($C$3:$C$5882,0.2),1,C9<=PERCENTILE($C$3:$C$5882,0.4),2,C9<=PERCENTILE($C$3:$C$5882,0.6),3,C9<=PERCENTILE($C$3:$C$5882,0.8),4,TRUE,5)} -> 5 | G9: {=_xlfn.IFS(D9<=PERCENTILE($D$3:$D$5882,0.2),1,D9<=PERCENTILE($D$3:$D$5882,0.4),2,D9<=PERCENTILE($D$3:$D$5882,0.6),3,D9<=PERCENTILE($D$3:$D$5882,0.8),4,TRUE,5)} -> 4 | H9: {=_xlfn.IFS(AND(E9>=4,F9>=4,G9>=4),"Champions",AND(E9>=3,F9>=3,G9>=3),"Loyal Customers",AND(E9<=2,F9>=3),"At Risk",AND(E9<=2,F9<=2,G9<=2),"Lost",AND(E9>=4,F9<=2),"New/Promising",TRUE,"Needs Attention")} -> Champions | I9: =IF(B9>90,"Churned","Active") -> Active | J9: =_xlfn.XLOOKUP(A9,'Country_Lookup'!$D:$D,'Country_Lookup'!$E:$E) -> Norway | L9: =ROW()-2 -> 7 | M9: =INDEX($A$3:$A$5882,MATCH(LARGE($D$3:$D$5882,ROW()-2),$D$3:$D$5882,0)) -> 17511 | N9: =LARGE($D$3:$D$5882,ROW()-2) -> 175603.55 | O9: =_xlfn.XLOOKUP(M9,$A$3:$A$5882,$H$3:$H$5882) -> Champions
A10: 12353 | B10: 204 | C10: 2 | D10: 406.76 | E10: {=_xlfn.IFS(B10<=PERCENTILE($B$3:$B$5882,0.2),5,B10<=PERCENTILE($B$3:$B$5882,0.4),4,B10<=PERCENTILE($B$3:$B$5882,0.6),3,B10<=PERCENTILE($B$3:$B$5882,0.8),2,TRUE,1)} -> 2 | F10: {=_xlfn.IFS(C10<=PERCENTILE($C$3:$C$5882,0.2),1,C10<=PERCENTILE($C$3:$C$5882,0.4),2,C10<=PERCENTILE($C$3:$C$5882,0.6),3,C10<=PERCENTILE($C$3:$C$5882,0.8),4,TRUE,5)} -> 2 | G10: {=_xlfn.IFS(D10<=PERCENTILE($D$3:$D$5882,0.2),1,D10<=PERCENTILE($D$3:$D$5882,0.4),2,D10<=PERCENTILE($D$3:$D$5882,0.6),3,D10<=PERCENTILE($D$3:$D$5882,0.8),4,TRUE,5)} -> 2 | H10: {=_xlfn.IFS(AND(E10>=4,F10>=4,G10>=4),"Champions",AND(E10>=3,F10>=3,G10>=3),"Loyal Customers",AND(E10<=2,F10>=3),"At Risk",AND(E10<=2,F10<=2,G10<=2),"Lost",AND(E10>=4,F10<=2),"New/Promising",TRUE,"Needs Attention")} -> Lost | I10: =IF(B10>90,"Churned","Active") -> Churned | J10: =_xlfn.XLOOKUP(A10,'Country_Lookup'!$D:$D,'Country_Lookup'!$E:$E) -> Bahrain | L10: =ROW()-2 -> 8 | M10: =INDEX($A$3:$A$5882,MATCH(LARGE($D$3:$D$5882,ROW()-2),$D$3:$D$5882,0)) -> 16446 | N10: =LARGE($D$3:$D$5882,ROW()-2) -> 168472.5 | O10: =_xlfn.XLOOKUP(M10,$A$3:$A$5882,$H$3:$H$5882) -> New/Promising
A11: 12354 | B11: 232 | C11: 1 | D11: 1079.4 | E11: {=_xlfn.IFS(B11<=PERCENTILE($B$3:$B$5882,0.2),5,B11<=PERCENTILE($B$3:$B$5882,0.4),4,B11<=PERCENTILE($B$3:$B$5882,0.6),3,B11<=PERCENTILE($B$3:$B$5882,0.8),2,TRUE,1)} -> 2 | F11: {=_xlfn.IFS(C11<=PERCENTILE($C$3:$C$5882,0.2),1,C11<=PERCENTILE($C$3:$C$5882,0.4),2,C11<=PERCENTILE($C$3:$C$5882,0.6),3,C11<=PERCENTILE($C$3:$C$5882,0.8),4,TRUE,5)} -> 1 | G11: {=_xlfn.IFS(D11<=PERCENTILE($D$3:$D$5882,0.2),1,D11<=PERCENTILE($D$3:$D$5882,0.4),2,D11<=PERCENTILE($D$3:$D$5882,0.6),3,D11<=PERCENTILE($D$3:$D$5882,0.8),4,TRUE,5)} -> 3 | H11: {=_xlfn.IFS(AND(E11>=4,F11>=4,G11>=4),"Champions",AND(E11>=3,F11>=3,G11>=3),"Loyal Customers",AND(E11<=2,F11>=3),"At Risk",AND(E11<=2,F11<=2,G11<=2),"Lost",AND(E11>=4,F11<=2),"New/Promising",TRUE,"Needs Attention")} -> Needs Attention | I11: =IF(B11>90,"Churned","Active") -> Churned | J11: =_xlfn.XLOOKUP(A11,'Country_Lookup'!$D:$D,'Country_Lookup'!$E:$E) -> Spain | L11: =ROW()-2 -> 9 | M11: =INDEX($A$3:$A$5882,MATCH(LARGE($D$3:$D$5882,ROW()-2),$D$3:$D$5882,0)) -> 16684 | N11: =LARGE($D$3:$D$5882,ROW()-2) -> 147142.77 | O11: =_xlfn.XLOOKUP(M11,$A$3:$A$5882,$H$3:$H$5882) -> Champions
A12: 12355 | B12: 214 | C12: 2 | D12: 947.61 | E12: {=_xlfn.IFS(B12<=PERCENTILE($B$3:$B$5882,0.2),5,B12<=PERCENTILE($B$3:$B$5882,0.4),4,B12<=PERCENTILE($B$3:$B$5882,0.6),3,B12<=PERCENTILE($B$3:$B$5882,0.8),2,TRUE,1)} -> 2 | F12: {=_xlfn.IFS(C12<=PERCENTILE($C$3:$C$5882,0.2),1,C12<=PERCENTILE($C$3:$C$5882,0.4),2,C12<=PERCENTILE($C$3:$C$5882,0.6),3,C12<=PERCENTILE($C$3:$C$5882,0.8),4,TRUE,5)} -> 2 | G12: {=_xlfn.IFS(D12<=PERCENTILE($D$3:$D$5882,0.2),1,D12<=PERCENTILE($D$3:$D$5882,0.4),2,D12<=PERCENTILE($D$3:$D$5882,0.6),3,D12<=PERCENTILE($D$3:$D$5882,0.8),4,TRUE,5)} -> 3 | H12: {=_xlfn.IFS(AND(E12>=4,F12>=4,G12>=4),"Champions",AND(E12>=3,F12>=3,G12>=3),"Loyal Customers",AND(E12<=2,F12>=3),"At Risk",AND(E12<=2,F12<=2,G12<=2),"Lost",AND(E12>=4,F12<=2),"New/Promising",TRUE,"Needs Attention")} -> Needs Attention | I12: =IF(B12>90,"Churned","Active") -> Churned | J12: =_xlfn.XLOOKUP(A12,'Country_Lookup'!$D:$D,'Country_Lookup'!$E:$E) -> Bahrain | L12: =ROW()-2 -> 10 | M12: =INDEX($A$3:$A$5882,MATCH(LARGE($D$3:$D$5882,ROW()-2),$D$3:$D$5882,0)) -> 12415 | N12: =LARGE($D$3:$D$5882,ROW()-2) -> 144458.37 | O12: =_xlfn.XLOOKUP(M12,$A$3:$A$5882,$H$3:$H$5882) -> Champions
A13: 12356 | B13: 22 | C13: 6 | D13: 6373.68 | E13: {=_xlfn.IFS(B13<=PERCENTILE($B$3:$B$5882,0.2),5,B13<=PERCENTILE($B$3:$B$5882,0.4),4,B13<=PERCENTILE($B$3:$B$5882,0.6),3,B13<=PERCENTILE($B$3:$B$5882,0.8),2,TRUE,1)} -> 4 | F13: {=_xlfn.IFS(C13<=PERCENTILE($C$3:$C$5882,0.2),1,C13<=PERCENTILE($C$3:$C$5882,0.4),2,C13<=PERCENTILE($C$3:$C$5882,0.6),3,C13<=PERCENTILE($C$3:$C$5882,0.8),4,TRUE,5)} -> 4 | G13: {=_xlfn.IFS(D13<=PERCENTILE($D$3:$D$5882,0.2),1,D13<=PERCENTILE($D$3:$D$5882,0.4),2,D13<=PERCENTILE($D$3:$D$5882,0.6),3,D13<=PERCENTILE($D$3:$D$5882,0.8),4,TRUE,5)} -> 5 | H13: {=_xlfn.IFS(AND(E13>=4,F13>=4,G13>=4),"Champions",AND(E13>=3,F13>=3,G13>=3),"Loyal Customers",AND(E13<=2,F13>=3),"At Risk",AND(E13<=2,F13<=2,G13<=2),"Lost",AND(E13>=4,F13<=2),"New/Promising",TRUE,"Needs Attention")} -> Champions | I13: =IF(B13>90,"Churned","Active") -> Active | J13: =_xlfn.XLOOKUP(A13,'Country_Lookup'!$D:$D,'Country_Lookup'!$E:$E) -> Portugal | L13: =ROW()-2 -> 11 | M13: =INDEX($A$3:$A$5882,MATCH(LARGE($D$3:$D$5882,ROW()-2),$D$3:$D$5882,0)) -> 15061 | N13: =LARGE($D$3:$D$5882,ROW()-2) -> 137818.52 | O13: =_xlfn.XLOOKUP(M13,$A$3:$A$5882,$H$3:$H$5882) -> Champions
A14: 12357 | B14: 33 | C14: 3 | D14: 18287.66 | E14: {=_xlfn.IFS(B14<=PERCENTILE($B$3:$B$5882,0.2),5,B14<=PERCENTILE($B$3:$B$5882,0.4),4,B14<=PERCENTILE($B$3:$B$5882,0.6),3,B14<=PERCENTILE($B$3:$B$5882,0.8),2,TRUE,1)} -> 4 | F14: {=_xlfn.IFS(C14<=PERCENTILE($C$3:$C$5882,0.2),1,C14<=PERCENTILE($C$3:$C$5882,0.4),2,C14<=PERCENTILE($C$3:$C$5882,0.6),3,C14<=PERCENTILE($C$3:$C$5882,0.8),4,TRUE,5)} -> 3 | G14: {=_xlfn.IFS(D14<=PERCENTILE($D$3:$D$5882,0.2),1,D14<=PERCENTILE($D$3:$D$5882,0.4),2,D14<=PERCENTILE($D$3:$D$5882,0.6),3,D14<=PERCENTILE($D$3:$D$5882,0.8),4,TRUE,5)} -> 5 | H14: {=_xlfn.IFS(AND(E14>=4,F14>=4,G14>=4),"Champions",AND(E14>=3,F14>=3,G14>=3),"Loyal Customers",AND(E14<=2,F14>=3),"At Risk",AND(E14<=2,F14<=2,G14<=2),"Lost",AND(E14>=4,F14<=2),"New/Promising",TRUE,"Needs Attention")} -> Loyal Customers | I14: =IF(B14>90,"Churned","Active") -> Active | J14: =_xlfn.XLOOKUP(A14,'Country_Lookup'!$D:$D,'Country_Lookup'!$E:$E) -> Switzerland | L14: =ROW()-2 -> 12 | M14: =INDEX($A$3:$A$5882,MATCH(LARGE($D$3:$D$5882,ROW()-2),$D$3:$D$5882,0)) -> 16029 | N14: =LARGE($D$3:$D$5882,ROW()-2) -> 122209.14 | O14: =_xlfn.XLOOKUP(M14,$A$3:$A$5882,$H$3:$H$5882) -> Champions
... A16: 12359 | B16: 57 | C16: 10 | D16: 8935.94 | E16: {=_xlfn.IFS(B16<=PERCENTILE($B$3:$B$5882,0.2),5,B16<=PERCENTILE($B$3:$B$5882,0.4),4,B16<=PERCENTILE($B$3:$B$5882,0.6),3,B16<=PERCENTILE($B$3:$B$5882,0.8),2,TRUE,1)} -> 4 | F16: {=_xlfn.IFS(C16<=PERCENTILE($C$3:$C$5882,0.2),1,C16<=PERCENTILE($C$3:$C$5882,0.4),2,C16<=PERCENTILE($C$3:$C$5882,0.6),3,C16<=PERCENTILE($C$3:$C$5882,0.8),4,TRUE,5)} -> 5 | G16: {=_xlfn.IFS(D16<=PERCENTILE($D$3:$D$5882,0.2),1,D16<=PERCENTILE($D$3:$D$5882,0.4),2,D16<=PERCENTILE($D$3:$D$5882,0.6),3,D16<=PERCENTILE($D$3:$D$5882,0.8),4,TRUE,5)} -> 5 | H16: {=_xlfn.IFS(AND(E16>=4,F16>=4,G16>=4),"Champions",AND(E16>=3,F16>=3,G16>=3),"Loyal Customers",AND(E16<=2,F16>=3),"At Risk",AND(E16<=2,F16<=2,G16<=2),"Lost",AND(E16>=4,F16<=2),"New/Promising",TRUE,"Needs Attention")} -> Champions | I16: =IF(B16>90,"Churned","Active") -> Active | J16: =_xlfn.XLOOKUP(A16,'Country_Lookup'!$D:$D,'Country_Lookup'!$E:$E) -> Cyprus | L16: =ROW()-2 -> 14 | M16: =INDEX($A$3:$A$5882,MATCH(LARGE($D$3:$D$5882,ROW()-2),$D$3:$D$5882,0)) -> 15311 | N16: =LARGE($D$3:$D$5882,ROW()-2) -> 116771.16 | O16: =_xlfn.XLOOKUP(M16,$A$3:$A$5882,$H$3:$H$5882) -> Champions
A17: 12360 | B17: 52 | C17: 8 | D17: 4252.89 | E17: {=_xlfn.IFS(B17<=PERCENTILE($B$3:$B$5882,0.2),5,B17<=PERCENTILE($B$3:$B$5882,0.4),4,B17<=PERCENTILE($B$3:$B$5882,0.6),3,B17<=PERCENTILE($B$3:$B$5882,0.8),2,TRUE,1)} -> 4 | F17: {=_xlfn.IFS(C17<=PERCENTILE($C$3:$C$5882,0.2),1,C17<=PERCENTILE($C$3:$C$5882,0.4),2,C17<=PERCENTILE($C$3:$C$5882,0.6),3,C17<=PERCENTILE($C$3:$C$5882,0.8),4,TRUE,5)} -> 4 | G17: {=_xlfn.IFS(D17<=PERCENTILE($D$3:$D$5882,0.2),1,D17<=PERCENTILE($D$3:$D$5882,0.4),2,D17<=PERCENTILE($D$3:$D$5882,0.6),3,D17<=PERCENTILE($D$3:$D$5882,0.8),4,TRUE,5)} -> 5 | H17: {=_xlfn.IFS(AND(E17>=4,F17>=4,G17>=4),"Champions",AND(E17>=3,F17>=3,G17>=3),"Loyal Customers",AND(E17<=2,F17>=3),"At Risk",AND(E17<=2,F17<=2,G17<=2),"Lost",AND(E17>=4,F17<=2),"New/Promising",TRUE,"Needs Attention")} -> Champions | I17: =IF(B17>90,"Churned","Active") -> Active | J17: =_xlfn.XLOOKUP(A17,'Country_Lookup'!$D:$D,'Country_Lookup'!$E:$E) -> Austria
A18: 12361 | B18: 287 | C18: 4 | D18: 511.25 | E18: {=_xlfn.IFS(B18<=PERCENTILE($B$3:$B$5882,0.2),5,B18<=PERCENTILE($B$3:$B$5882,0.4),4,B18<=PERCENTILE($B$3:$B$5882,0.6),3,B18<=PERCENTILE($B$3:$B$5882,0.8),2,TRUE,1)} -> 2 | F18: {=_xlfn.IFS(C18<=PERCENTILE($C$3:$C$5882,0.2),1,C18<=PERCENTILE($C$3:$C$5882,0.4),2,C18<=PERCENTILE($C$3:$C$5882,0.6),3,C18<=PERCENTILE($C$3:$C$5882,0.8),4,TRUE,5)} -> 3 | G18: {=_xlfn.IFS(D18<=PERCENTILE($D$3:$D$5882,0.2),1,D18<=PERCENTILE($D$3:$D$5882,0.4),2,D18<=PERCENTILE($D$3:$D$5882,0.6),3,D18<=PERCENTILE($D$3:$D$5882,0.8),4,TRUE,5)} -> 2 | H18: {=_xlfn.IFS(AND(E18>=4,F18>=4,G18>=4),"Champions",AND(E18>=3,F18>=3,G18>=3),"Loyal Customers",AND(E18<=2,F18>=3),"At Risk",AND(E18<=2,F18<=2,G18<=2),"Lost",AND(E18>=4,F18<=2),"New/Promising",TRUE,"Needs Attention")} -> At Risk | I18: =IF(B18>90,"Churned","Active") -> Churned | J18: =_xlfn.XLOOKUP(A18,'Country_Lookup'!$D:$D,'Country_Lookup'!$E:$E) -> Belgium
A19: 12362 | B19: 3 | C19: 11 | D19: 5356.23 | E19: {=_xlfn.IFS(B19<=PERCENTILE($B$3:$B$5882,0.2),5,B19<=PERCENTILE($B$3:$B$5882,0.4),4,B19<=PERCENTILE($B$3:$B$5882,0.6),3,B19<=PERCENTILE($B$3:$B$5882,0.8),2,TRUE,1)} -> 5 | F19: {=_xlfn.IFS(C19<=PERCENTILE($C$3:$C$5882,0.2),1,C19<=PERCENTILE($C$3:$C$5882,0.4),2,C19<=PERCENTILE($C$3:$C$5882,0.6),3,C19<=PERCENTILE($C$3:$C$5882,0.8),4,TRUE,5)} -> 5 | G19: {=_xlfn.IFS(D19<=PERCENTILE($D$3:$D$5882,0.2),1,D19<=PERCENTILE($D$3:$D$5882,0.4),2,D19<=PERCENTILE($D$3:$D$5882,0.6),3,D19<=PERCENTILE($D$3:$D$5882,0.8),4,TRUE,5)} -> 5 | H19: {=_xlfn.IFS(AND(E19>=4,F19>=4,G19>=4),"Champions",AND(E19>=3,F19>=3,G19>=3),"Loyal Customers",AND(E19<=2,F19>=3),"At Risk",AND(E19<=2,F19<=2,G19<=2),"Lost",AND(E19>=4,F19<=2),"New/Promising",TRUE,"Needs Attention")} -> Champions | I19: =IF(B19>90,"Churned","Active") -> Active | J19: =_xlfn.XLOOKUP(A19,'Country_Lookup'!$D:$D,'Country_Lookup'!$E:$E) -> Belgium
A20: 12363 | B20: 109 | C20: 2 | D20: 552 | E20: {=_xlfn.IFS(B20<=PERCENTILE($B$3:$B$5882,0.2),5,B20<=PERCENTILE($B$3:$B$5882,0.4),4,B20<=PERCENTILE($B$3:$B$5882,0.6),3,B20<=PERCENTILE($B$3:$B$5882,0.8),2,TRUE,1)} -> 3 | F20: {=_xlfn.IFS(C20<=PERCENTILE($C$3:$C$5882,0.2),1,C20<=PERCENTILE($C$3:$C$5882,0.4),2,C20<=PERCENTILE($C$3:$C$5882,0.6),3,C20<=PERCENTILE($C$3:$C$5882,0.8),4,TRUE,5)} -> 2 | G20: {=_xlfn.IFS(D20<=PERCENTILE($D$3:$D$5882,0.2),1,D20<=PERCENTILE($D$3:$D$5882,0.4),2,D20<=PERCENTILE($D$3:$D$5882,0.6),3,D20<=PERCENTILE($D$3:$D$5882,0.8),4,TRUE,5)} -> 2 | H20: {=_xlfn.IFS(AND(E20>=4,F20>=4,G20>=4),"Champions",AND(E20>=3,F20>=3,G20>=3),"Loyal Customers",AND(E20<=2,F20>=3),"At Risk",AND(E20<=2,F20<=2,G20<=2),"Lost",AND(E20>=4,F20<=2),"New/Promising",TRUE,"Needs Attention")} -> Needs Attention | I20: =IF(B20>90,"Churned","Active") -> Churned | J20: =_xlfn.XLOOKUP(A20,'Country_Lookup'!$D:$D,'Country_Lookup'!$E:$E) -> Unspecified
A21: 12364 | B21: 7 | C21: 4 | D21: 1313.1 | E21: {=_xlfn.IFS(B21<=PERCENTILE($B$3:$B$5882,0.2),5,B21<=PERCENTILE($B$3:$B$5882,0.4),4,B21<=PERCENTILE($B$3:$B$5882,0.6),3,B21<=PERCENTILE($B$3:$B$5882,0.8),2,TRUE,1)} -> 5 | F21: {=_xlfn.IFS(C21<=PERCENTILE($C$3:$C$5882,0.2),1,C21<=PERCENTILE($C$3:$C$5882,0.4),2,C21<=PERCENTILE($C$3:$C$5882,0.6),3,C21<=PERCENTILE($C$3:$C$5882,0.8),4,TRUE,5)} -> 3 | G21: {=_xlfn.IFS(D21<=PERCENTILE($D$3:$D$5882,0.2),1,D21<=PERCENTILE($D$3:$D$5882,0.4),2,D21<=PERCENTILE($D$3:$D$5882,0.6),3,D21<=PERCENTILE($D$3:$D$5882,0.8),4,TRUE,5)} -> 4 | H21: {=_xlfn.IFS(AND(E21>=4,F21>=4,G21>=4),"Champions",AND(E21>=3,F21>=3,G21>=3),"Loyal Customers",AND(E21<=2,F21>=3),"At Risk",AND(E21<=2,F21<=2,G21<=2),"Lost",AND(E21>=4,F21<=2),"New/Promising",TRUE,"Needs Attention")} -> Loyal Customers | I21: =IF(B21>90,"Churned","Active") -> Active | J21: =_xlfn.XLOOKUP(A21,'Country_Lookup'!$D:$D,'Country_Lookup'!$E:$E) -> Belgium
A22: 12365 | B22: 291 | C22: 2 | D22: 641.38 | E22: {=_xlfn.IFS(B22<=PERCENTILE($B$3:$B$5882,0.2),5,B22<=PERCENTILE($B$3:$B$5882,0.4),4,B22<=PERCENTILE($B$3:$B$5882,0.6),3,B22<=PERCENTILE($B$3:$B$5882,0.8),2,TRUE,1)} -> 2 | F22: {=_xlfn.IFS(C22<=PERCENTILE($C$3:$C$5882,0.2),1,C22<=PERCENTILE($C$3:$C$5882,0.4),2,C22<=PERCENTILE($C$3:$C$5882,0.6),3,C22<=PERCENTILE($C$3:$C$5882,0.8),4,TRUE,5)} -> 2 | G22: {=_xlfn.IFS(D22<=PERCENTILE($D$3:$D$5882,0.2),1,D22<=PERCENTILE($D$3:$D$5882,0.4),2,D22<=PERCENTILE($D$3:$D$5882,0.6),3,D22<=PERCENTILE($D$3:$D$5882,0.8),4,TRUE,5)} -> 3 | H22: {=_xlfn.IFS(AND(E22>=4,F22>=4,G22>=4),"Champions",AND(E22>=3,F22>=3,G22>=3),"Loyal Customers",AND(E22<=2,F22>=3),"At Risk",AND(E22<=2,F22<=2,G22<=2),"Lost",AND(E22>=4,F22<=2),"New/Promising",TRUE,"Needs Attention")} -> Needs Attention | I22: =IF(B22>90,"Churned","Active") -> Churned | J22: =_xlfn.XLOOKUP(A22,'Country_Lookup'!$D:$D,'Country_Lookup'!$E:$E) -> Cyprus
A23: 12366 | B23: 633 | C23: 1 | D23: 500.24 | E23: {=_xlfn.IFS(B23<=PERCENTILE($B$3:$B$5882,0.2),5,B23<=PERCENTILE($B$3:$B$5882,0.4),4,B23<=PERCENTILE($B$3:$B$5882,0.6),3,B23<=PERCENTILE($B$3:$B$5882,0.8),2,TRUE,1)} -> 1 | F23: {=_xlfn.IFS(C23<=PERCENTILE($C$3:$C$5882,0.2),1,C23<=PERCENTILE($C$3:$C$5882,0.4),2,C23<=PERCENTILE($C$3:$C$5882,0.6),3,C23<=PERCENTILE($C$3:$C$5882,0.8),4,TRUE,5)} -> 1 | G23: {=_xlfn.IFS(D23<=PERCENTILE($D$3:$D$5882,0.2),1,D23<=PERCENTILE($D$3:$D$5882,0.4),2,D23<=PERCENTILE($D$3:$D$5882,0.6),3,D23<=PERCENTILE($D$3:$D$5882,0.8),4,TRUE,5)} -> 2 | H23: {=_xlfn.IFS(AND(E23>=4,F23>=4,G23>=4),"Champions",AND(E23>=3,F23>=3,G23>=3),"Loyal Customers",AND(E23<=2,F23>=3),"At Risk",AND(E23<=2,F23<=2,G23<=2),"Lost",AND(E23>=4,F23<=2),"New/Promising",TRUE,"Needs Attention")} -> Lost | I23: =IF(B23>90,"Churned","Active") -> Churned | J23: =_xlfn.XLOOKUP(A23,'Country_Lookup'!$D:$D,'Country_Lookup'!$E:$E) -> Cyprus
A24: 12367 | B24: 4 | C24: 1 | D24: 168.9 | E24: {=_xlfn.IFS(B24<=PERCENTILE($B$3:$B$5882,0.2),5,B24<=PERCENTILE($B$3:$B$5882,0.4),4,B24<=PERCENTILE($B$3:$B$5882,0.6),3,B24<=PERCENTILE($B$3:$B$5882,0.8),2,TRUE,1)} -> 5 | F24: {=_xlfn.IFS(C24<=PERCENTILE($C$3:$C$5882,0.2),1,C24<=PERCENTILE($C$3:$C$5882,0.4),2,C24<=PERCENTILE($C$3:$C$5882,0.6),3,C24<=PERCENTILE($C$3:$C$5882,0.8),4,TRUE,5)} -> 1 | G24: {=_xlfn.IFS(D24<=PERCENTILE($D$3:$D$5882,0.2),1,D24<=PERCENTILE($D$3:$D$5882,0.4),2,D24<=PERCENTILE($D$3:$D$5882,0.6),3,D24<=PERCENTILE($D$3:$D$5882,0.8),4,TRUE,5)} -> 1 | H24: {=_xlfn.IFS(AND(E24>=4,F24>=4,G24>=4),"Champions",AND(E24>=3,F24>=3,G24>=3),"Loyal Customers",AND(E24<=2,F24>=3),"At Risk",AND(E24<=2,F24<=2,G24<=2),"Lost",AND(E24>=4,F24<=2),"New/Promising",TRUE,"Needs Attention")} -> New/Promising | I24: =IF(B24>90,"Churned","Active") -> Active | J24: =_xlfn.XLOOKUP(A24,'Country_Lookup'!$D:$D,'Country_Lookup'!$E:$E) -> Denmark
A25: 12368 | B25: 628 | C25: 1 | D25: 917.7 | E25: {=_xlfn.IFS(B25<=PERCENTILE($B$3:$B$5882,0.2),5,B25<=PERCENTILE($B$3:$B$5882,0.4),4,B25<=PERCENTILE($B$3:$B$5882,0.6),3,B25<=PERCENTILE($B$3:$B$5882,0.8),2,TRUE,1)} -> 1 | F25: {=_xlfn.IFS(C25<=PERCENTILE($C$3:$C$5882,0.2),1,C25<=PERCENTILE($C$3:$C$5882,0.4),2,C25<=PERCENTILE($C$3:$C$5882,0.6),3,C25<=PERCENTILE($C$3:$C$5882,0.8),4,TRUE,5)} -> 1 | G25: {=_xlfn.IFS(D25<=PERCENTILE($D$3:$D$5882,0.2),1,D25<=PERCENTILE($D$3:$D$5882,0.4),2,D25<=PERCENTILE($D$3:$D$5882,0.6),3,D25<=PERCENTILE($D$3:$D$5882,0.8),4,TRUE,5)} -> 3 | H25: {=_xlfn.IFS(AND(E25>=4,F25>=4,G25>=4),"Champions",AND(E25>=3,F25>=3,G25>=3),"Loyal Customers",AND(E25<=2,F25>=3),"At Risk",AND(E25<=2,F25<=2,G25<=2),"Lost",AND(E25>=4,F25<=2),"New/Promising",TRUE,"Needs Attention")} -> Needs Attention | I25: =IF(B25>90,"Churned","Active") -> Churned | J25: =_xlfn.XLOOKUP(A25,'Country_Lookup'!$D:$D,'Country_Lookup'!$E:$E) -> Cyprus
A26: 12369 | B26: 413 | C26: 3 | D26: 1791.15 | E26: {=_xlfn.IFS(B26<=PERCENTILE($B$3:$B$5882,0.2),5,B26<=PERCENTILE($B$3:$B$5882,0.4),4,B26<=PERCENTILE($B$3:$B$5882,0.6),3,B26<=PERCENTILE($B$3:$B$5882,0.8),2,TRUE,1)} -> 1 | F26: {=_xlfn.IFS(C26<=PERCENTILE($C$3:$C$5882,0.2),1,C26<=PERCENTILE($C$3:$C$5882,0.4),2,C26<=PERCENTILE($C$3:$C$5882,0.6),3,C26<=PERCENTILE($C$3:$C$5882,0.8),4,TRUE,5)} -> 3 | G26: {=_xlfn.IFS(D26<=PERCENTILE($D$3:$D$5882,0.2),1,D26<=PERCENTILE($D$3:$D$5882,0.4),2,D26<=PERCENTILE($D$3:$D$5882,0.6),3,D26<=PERCENTILE($D$3:$D$5882,0.8),4,TRUE,5)} -> 4 | H26: {=_xlfn.IFS(AND(E26>=4,F26>=4,G26>=4),"Champions",AND(E26>=3,F26>=3,G26>=3),"Loyal Customers",AND(E26<=2,F26>=3),"At Risk",AND(E26<=2,F26<=2,G26<=2),"Lost",AND(E26>=4,F26<=2),"New/Promising",TRUE,"Needs Attention")} -> At Risk | I26: =IF(B26>90,"Churned","Active") -> Churned | J26: =_xlfn.XLOOKUP(A26,'Country_Lookup'!$D:$D,'Country_Lookup'!$E:$E) -> Austria
A27: 12370 | B27: 51 | C27: 7 | D27: 4320.31 | E27: {=_xlfn.IFS(B27<=PERCENTILE($B$3:$B$5882,0.2),5,B27<=PERCENTILE($B$3:$B$5882,0.4),4,B27<=PERCENTILE($B$3:$B$5882,0.6),3,B27<=PERCENTILE($B$3:$B$5882,0.8),2,TRUE,1)} -> 4 | F27: {=_xlfn.IFS(C27<=PERCENTILE($C$3:$C$5882,0.2),1,C27<=PERCENTILE($C$3:$C$5882,0.4),2,C27<=PERCENTILE($C$3:$C$5882,0.6),3,C27<=PERCENTILE($C$3:$C$5882,0.8),4,TRUE,5)} -> 4 | G27: {=_xlfn.IFS(D27<=PERCENTILE($D$3:$D$5882,0.2),1,D27<=PERCENTILE($D$3:$D$5882,0.4),2,D27<=PERCENTILE($D$3:$D$5882,0.6),3,D27<=PERCENTILE($D$3:$D$5882,0.8),4,TRUE,5)} -> 5 | H27: {=_xlfn.IFS(AND(E27>=4,F27>=4,G27>=4),"Champions",AND(E27>=3,F27>=3,G27>=3),"Loyal Customers",AND(E27<=2,F27>=3),"At Risk",AND(E27<=2,F27<=2,G27<=2),"Lost",AND(E27>=4,F27<=2),"New/Promising",TRUE,"Needs Attention")} -> Champions | I27: =IF(B27>90,"Churned","Active") -> Active | J27: =_xlfn.XLOOKUP(A27,'Country_Lookup'!$D:$D,'Country_Lookup'!$E:$E) -> Austria
A28: 12371 | B28: 44 | C28: 5 | D28: 4067.38 | E28: {=_xlfn.IFS(B28<=PERCENTILE($B$3:$B$5882,0.2),5,B28<=PERCENTILE($B$3:$B$5882,0.4),4,B28<=PERCENTILE($B$3:$B$5882,0.6),3,B28<=PERCENTILE($B$3:$B$5882,0.8),2,TRUE,1)} -> 4 | F28: {=_xlfn.IFS(C28<=PERCENTILE($C$3:$C$5882,0.2),1,C28<=PERCENTILE($C$3:$C$5882,0.4),2,C28<=PERCENTILE($C$3:$C$5882,0.6),3,C28<=PERCENTILE($C$3:$C$5882,0.8),4,TRUE,5)} -> 4 | G28: {=_xlfn.IFS(D28<=PERCENTILE($D$3:$D$5882,0.2),1,D28<=PERCENTILE($D$3:$D$5882,0.4),2,D28<=PERCENTILE($D$3:$D$5882,0.6),3,D28<=PERCENTILE($D$3:$D$5882,0.8),4,TRUE,5)} -> 5 | H28: {=_xlfn.IFS(AND(E28>=4,F28>=4,G28>=4),"Champions",AND(E28>=3,F28>=3,G28>=3),"Loyal Customers",AND(E28<=2,F28>=3),"At Risk",AND(E28<=2,F28<=2,G28<=2),"Lost",AND(E28>=4,F28<=2),"New/Promising",TRUE,"Needs Attention")} -> Champions | I28: =IF(B28>90,"Churned","Active") -> Active | J28: =_xlfn.XLOOKUP(A28,'Country_Lookup'!$D:$D,'Country_Lookup'!$E:$E) -> Switzerland
... A5880: 18287 | B5880: 42 | C5880: 7 | D5880: 4182.99 | E5880: {=_xlfn.IFS(B5880<=PERCENTILE($B$3:$B$5882,0.2),5,B5880<=PERCENTILE($B$3:$B$5882,0.4),4,B5880<=PERCENTILE($B$3:$B$5882,0.6),3,B5880<=PERCENTILE($B$3:$B$5882,0.8),2,TRUE,1)} -> 4 | F5880: {=_xlfn.IFS(C5880<=PERCENTILE($C$3:$C$5882,0.2),1,C5880<=PERCENTILE($C$3:$C$5882,0.4),2,C5880<=PERCENTILE($C$3:$C$5882,0.6),3,C5880<=PERCENTILE($C$3:$C$5882,0.8),4,TRUE,5)} -> 4 | G5880: {=_xlfn.IFS(D5880<=PERCENTILE($D$3:$D$5882,0.2),1,D5880<=PERCENTILE($D$3:$D$5882,0.4),2,D5880<=PERCENTILE($D$3:$D$5882,0.6),3,D5880<=PERCENTILE($D$3:$D$5882,0.8),4,TRUE,5)} -> 5 | H5880: {=_xlfn.IFS(AND(E5880>=4,F5880>=4,G5880>=4),"Champions",AND(E5880>=3,F5880>=3,G5880>=3),"Loyal Customers",AND(E5880<=2,F5880>=3),"At Risk",AND(E5880<=2,F5880<=2,G5880<=2),"Lost",AND(E5880>=4,F5880<=2),"New/Promising",TRUE,"Needs Attention")} -> Champions | I5880: =IF(B5880>90,"Churned","Active") -> Active | J5880: =_xlfn.XLOOKUP(A5880,'Country_Lookup'!$D:$D,'Country_Lookup'!$E:$E) -> United Kingdom
E5892: Churned | F5892: 2989
E5893: Active | F5893: 2889
E5896: Revenue at Risk | F5896: =SUMIF(I3:I5882,"Churned",D3:D5882) -> 3468758.6
E5898: Churn Rate As % | F5898: =COUNTIF(I3:I5882,"Churned")/COUNTA(I3:I5882) -> 0.50850629

Sheet RFM_Base
B3: Row Labels | C3: Average of Recency_Days | D3: Average of Frequency | E3: Average of Monetary
B4: 12346 | C4: 325 | D4: 12 | E4: 77556.46
B5: 12347 | C5: 2 | D5: 8 | E5: 5633.32
B6: 12348 | C6: 75 | D6: 5 | E6: 2019.4
B7: 12349 | C7: 18 | D7: 4 | E7: 4428.69
B8: 12350 | C8: 310 | D8: 1 | E8: 334.4
B9: 12351 | C9: 375 | D9: 1 | E9: 300.93
B10: 12352 | C10: 36 | D10: 10 | E10: 2849.84
B11: 12353 | C11: 204 | D11: 2 | E11: 406.76
B12: 12354 | C12: 232 | D12: 1 | E12: 1079.4
B13: 12355 | C13: 214 | D13: 2 | E13: 947.61
B14: 12356 | C14: 22 | D14: 6 | E14: 6373.68
B15: 12357 | C15: 33 | D15: 3 | E15: 18287.66
... B5881: 18287 | C5881: 42 | D5881: 7 | E5881: 4182.99
B5882: Grand Total | C5882: 82.368965 | D5882: 33.421285 | E5882: 20938.595

Sheet RFM_Summary
A3: Row Labels | B3: Customer % | C3: Revenue %
A4: At Risk | B4: 0.11973902 | C4: 0.087917633
A5: Champions | B5: 0.21563426 | C5: 0.67983564
A6: Lost | B6: 0.2333244 | C6: 0.020169894
A7: Loyal Customers | B7: 0.19333406 | C7: 0.14907856
A8: Needs Attention | B8: 0.1524766 | C8: 0.038988652
A9: New/Promising | B9: 0.08549166 | C9: 0.024009623
A10: Grand Total | B10: 1 | C10: 1

Sheet Churn_Summary
A3: Count of Customer ID | B3: Column Labels
A4: Row Labels | B4: Active | C4: Churned | D4: Grand Total
A5: At Risk | C5: 704 | D5: 704
A6: Champions | B6: 1271 | D6: 1271
A7: Lost | C7: 1358 | D7: 1358
A8: Loyal Customers | B8: 770 | C8: 367 | D8: 1137
A9: Needs Attention | B9: 344 | C9: 560 | D9: 904
A10: New/Promising | B10: 504 | D10: 504
A11: Grand Total | B11: 2889 | C11: 2989 | D11: 5878

Sheet Country_Lookup
A3: Customer ID | B3: Customer_Country | D3: Customer ID | E3: Country
A4: 12346 | B4: United Kingdom | D4: 12346 | E4: United Kingdom
A5: 12347 | B5: Iceland | D5: 12347 | E5: Iceland
A6: 12348 | B6: Finland | D6: 12348 | E6: Finland
A7: 12349 | B7: Italy | D7: 12349 | E7: Italy
A8: 12350 | B8: Norway | D8: 12350 | E8: Norway
A9: 12351 | B9: Unspecified | D9: 12351 | E9: Unspecified
A10: 12352 | B10: Norway | D10: 12352 | E10: Norway
A11: 12353 | B11: Bahrain | D11: 12353 | E11: Bahrain
A12: 12354 | B12: Spain | D12: 12354 | E12: Spain
A13: 12355 | B13: Bahrain | D13: 12355 | E13: Bahrain
A14: 12356 | B14: Portugal | D14: 12356 | E14: Portugal
A15: 12357 | B15: Switzerland | D15: 12357 | E15: Switzerland
... A5881: 18287 | B5881: United Kingdom | D5881: 18287 | E5881: United Kingdom
